,163817.OF,000008.OF,000051.OF,006104.OF
2019-01-02,1.654,1.1809,0.994,0.8738
2019-01-03,1.657,1.1758,0.993,0.8675
2019-01-04,1.675,1.2023,1.015,0.8852
2019-01-07,1.689,1.2233,1.021,0.897
2019-01-08,1.689,1.2204,1.019,0.8942
2019-01-09,1.696,1.2235,1.028,0.8996
2019-01-10,1.7,1.2216,1.026,0.8971
2019-01-11,1.703,1.2304,1.033,0.9014
2019-01-14,1.694,1.2228,1.025,0.8969
2019-01-15,1.707,1.2392,1.044,0.908
2019-01-16,1.709,1.2364,1.044,0.9081
2019-01-17,1.705,1.2276,1.039,0.9017
2019-01-18,1.717,1.2394,1.056,0.9142
2019-01-21,1.718,1.2462,1.062,0.9206
2019-01-22,1.711,1.2287,1.049,0.9111
2019-01-23,1.713,1.2307,1.048,0.9143
2019-01-24,1.726,1.2369,1.053,0.919
2019-01-25,1.746,1.2316,1.062,0.9205
2019-01-28,1.738,1.2284,1.061,0.9184
2019-01-29,1.736,1.213,1.064,0.9158
2019-01-30,1.739,1.2014,1.056,0.9109
2019-01-31,1.745,1.1919,1.067,0.909
2019-02-01,1.764,1.2238,1.081,0.9253
2019-02-11,1.779,1.2484,1.1,0.9469
2019-02-12,1.781,1.2581,1.107,0.9562
2019-02-13,1.793,1.2778,1.128,0.969
2019-02-14,1.797,1.283,1.13,0.9712
2019-02-15,1.781,1.2751,1.109,0.9622
2019-02-18,1.814,1.3175,1.143,0.9953
2019-02-19,1.806,1.3191,1.141,0.9903
2019-02-20,1.802,1.3191,1.145,0.9914
2019-02-21,1.8,1.3169,1.142,0.9872
2019-02-22,1.829,1.3484,1.166,1.0036
2019-02-25,1.9,1.4193,1.232,1.0499
2019-02-26,1.88,1.4182,1.218,1.0511
2019-02-27,1.863,1.4122,1.216,1.0437
2019-02-28,1.864,1.4142,1.213,1.0497
2019-03-01,1.886,1.4257,1.237,1.0592
2019-03-04,1.908,1.4502,1.251,1.0762
2019-03-05,1.926,1.4864,1.258,1.0951
2019-03-06,1.925,1.5113,1.268,1.1082
2019-03-07,1.903,1.5298,1.256,1.1065
2019-03-08,1.866,1.4745,1.207,1.0693
2019-03-11,1.911,1.5311,1.229,1.1084
2019-03-12,1.928,1.5563,1.237,1.1242
2019-03-13,1.901,1.5228,1.227,1.1068
2019-03-14,1.883,1.4895,1.219,1.0895
2019-03-15,1.897,1.5055,1.234,1.1064
2019-03-18,1.932,1.5431,1.267,1.1384
2019-03-19,1.953,1.5486,1.262,1.1379
2019-03-20,1.943,1.5467,1.262,1.1363
2019-03-21,1.959,1.5666,1.262,1.1408
2019-03-22,1.954,1.5751,1.262,1.1471
2019-03-25,1.929,1.5571,1.233,1.1312
2019-03-26,1.891,1.5158,1.22,1.1074
2019-03-27,1.891,1.5298,1.234,1.1193
2019-03-28,1.884,1.5093,1.229,1.1068
2019-03-29,1.93,1.5564,1.274,1.1438
2019-03-31,1.93,1.5564,1.274,1.1437
2019-04-01,1.985,1.612,1.306,1.1801
2019-04-02,1.999,1.6168,1.305,1.1824
2019-04-03,2.009,1.633,1.321,1.1994
2019-04-04,2.014,1.6425,1.334,1.2041
2019-04-08,2.0,1.6358,1.332,1.2085
2019-04-09,1.984,1.6385,1.338,1.209
2019-04-10,1.971,1.637,1.341,1.2121
2019-04-11,1.944,1.6043,1.313,1.1837
2019-04-12,1.938,1.6005,1.31,1.178
2019-04-15,1.93,1.5848,1.306,1.1668
2019-04-16,1.946,1.6167,1.341,1.1892
2019-04-17,1.948,1.6248,1.341,1.1917
2019-04-18,1.954,1.6162,1.336,1.1848
2019-04-19,1.962,1.6255,1.352,1.1905
2019-04-22,1.934,1.6024,1.322,1.1678
2019-04-23,1.911,1.5777,1.32,1.1558
2019-04-24,1.91,1.5915,1.323,1.163
2019-04-25,1.879,1.533,1.296,1.1311
2019-04-26,1.865,1.5201,1.28,1.1186
2019-04-29,1.871,1.4822,1.283,1.1116
2019-04-30,1.882,1.4929,1.287,1.1166
2019-05-06,1.816,1.3861,1.216,1.0439
2019-05-07,1.836,1.4035,1.226,1.056
2019-05-08,1.836,1.3975,1.209,1.048
2019-05-09,1.834,1.3817,1.188,1.0362
2019-05-10,1.879,1.4285,1.228,1.071
2019-05-13,1.869,1.4129,1.209,1.06
2019-05-14,1.869,1.4026,1.202,1.055
2019-05-15,1.903,1.4322,1.227,1.0784
2019-05-16,1.904,1.441,1.232,1.0867
2019-05-17,1.883,1.3969,1.202,1.0503
2019-05-20,1.866,1.3917,1.192,1.0428
2019-05-21,1.874,1.4152,1.208,1.0608
2019-05-22,1.878,1.4069,1.202,1.0546
2019-05-23,1.856,1.3795,1.183,1.0352
2019-05-24,1.851,1.3714,1.187,1.0303
2019-05-27,1.854,1.4041,1.201,1.0522
2019-05-28,1.858,1.4022,1.212,1.0526
2019-05-29,1.86,1.4028,1.209,1.0535
2019-05-30,1.849,1.3946,1.203,1.0423
2019-05-31,1.846,1.3913,1.2,1.0414
2019-06-03,1.829,1.376,1.201,1.0313
2019-06-04,1.81,1.3605,1.191,1.0201
2019-06-05,1.802,1.358,1.191,1.0169
2019-06-06,1.791,1.3303,1.181,0.9989
2019-06-10,1.808,1.3426,1.195,1.0086
2019-06-11,1.843,1.39,1.23,1.0427
2019-06-12,1.834,1.38,1.221,1.0345
2019-06-13,1.828,1.3841,1.22,1.0368
2019-06-14,1.814,1.3583,1.211,1.0213
2019-06-17,1.809,1.3601,1.211,1.0213
2019-06-18,1.81,1.3586,1.215,1.0193
2019-06-19,1.828,1.3757,1.233,1.0334
2019-06-20,1.865,1.4022,1.268,1.0556
2019-06-21,1.876,1.4201,1.27,1.0695
2019-06-24,1.868,1.421,1.273,1.0709
2019-06-25,1.854,1.4078,1.26,1.0614
2019-06-26,1.865,1.4054,1.259,1.0629
2019-06-27,1.886,1.4169,1.272,1.0746
2019-06-28,1.885,1.4022,1.27,1.068
2019-06-30,1.885,1.4022,1.27,1.0679
2019-07-01,1.914,1.4426,1.304,1.0992
2019-07-02,1.918,1.4384,1.305,1.0994
2019-07-03,1.903,1.4268,1.292,1.0896
2019-07-04,1.889,1.4229,1.285,1.0879
2019-07-05,1.897,1.4283,1.293,1.0944
2019-07-08,1.871,1.3824,1.265,1.0639
2019-07-09,1.874,1.3853,1.262,1.07
2019-07-10,1.871,1.3755,1.261,1.0614
2019-07-11,1.868,1.3759,1.261,1.0623
2019-07-12,1.884,1.3811,1.271,1.069
2019-07-15,1.89,1.3984,1.276,1.0832
2019-07-16,1.882,1.4004,1.27,1.0837
2019-07-17,1.882,1.3997,1.27,1.0814
2019-07-18,1.877,1.3772,1.259,1.0671
2019-07-19,1.879,1.3867,1.272,1.0749
2019-07-22,1.873,1.3593,1.265,1.0613
2019-07-23,1.877,1.3721,1.268,1.0714
2019-07-24,1.884,1.3852,1.278,1.0844
2019-07-25,1.9,1.3903,1.288,1.0863
2019-07-26,1.92,1.3922,1.29,1.0908
2019-07-29,1.923,1.3919,1.289,1.091
2019-07-30,1.934,1.3992,1.294,1.0984
2019-07-31,1.936,1.3941,1.283,1.0917
2019-08-01,1.925,1.3852,1.273,1.0851
2019-08-02,1.926,1.369,1.256,1.0675
2019-08-05,1.901,1.3538,1.233,1.05
2019-08-06,1.899,1.3263,1.221,1.0337
2019-08-07,1.904,1.3199,1.217,1.0262
2019-08-08,1.915,1.3276,1.232,1.0344
2019-08-09,1.916,1.3126,1.221,1.0225
2019-08-12,1.929,1.3355,1.241,1.0427
2019-08-13,1.923,1.3285,1.231,1.0339
2019-08-14,1.927,1.3358,1.236,1.0396
2019-08-15,1.933,1.3428,1.24,1.047
2019-08-16,1.949,1.3474,1.246,1.0487
2019-08-19,1.978,1.3886,1.271,1.0812
2019-08-20,1.97,1.3881,1.27,1.0806
2019-08-21,1.972,1.3906,1.268,1.0834
2019-08-22,1.974,1.3919,1.272,1.0851
2019-08-23,1.988,1.3922,1.281,1.0851
2019-08-26,1.982,1.3833,1.264,1.0769
2019-08-27,1.995,1.4052,1.28,1.0916
2019-08-28,1.995,1.4033,1.275,1.0904
2019-08-29,2.003,1.4048,1.271,1.0923
2019-08-30,1.999,1.3918,1.274,1.0813
2019-09-02,2.018,1.425,1.29,1.1115
2019-09-03,2.025,1.4344,1.291,1.1184
2019-09-04,2.028,1.4478,1.303,1.1283
2019-09-05,2.044,1.461,1.315,1.1391
2019-09-06,2.05,1.4652,1.322,1.1434
2019-09-09,2.068,1.4945,1.33,1.1669
2019-09-10,2.056,1.4898,1.326,1.1621
2019-09-11,2.036,1.4827,1.316,1.1549
2019-09-12,2.035,1.4896,1.33,1.1621
2019-09-16,2.029,1.4912,1.325,1.1601
2019-09-17,2.006,1.4615,1.304,1.1361
2019-09-18,2.015,1.4619,1.31,1.1398
2019-09-19,2.026,1.475,1.315,1.1444
2019-09-20,2.031,1.4787,1.318,1.1498
2019-09-23,2.018,1.4696,1.304,1.1385
2019-09-24,2.024,1.4725,1.307,1.1421
2019-09-25,2.01,1.4479,1.298,1.1247
2019-09-26,2.002,1.417,1.288,1.0975
2019-09-27,2.009,1.4262,1.292,1.1074
2019-09-30,2.0,1.4092,1.28,1.0985
2019-10-08,2.004,1.4093,1.287,1.1055
2019-10-09,2.007,1.4202,1.289,1.1189
2019-10-10,2.029,1.4372,1.299,1.1332
2019-10-11,2.043,1.44,1.31,1.1399
2019-10-14,2.063,1.4603,1.324,1.153
2019-10-15,2.056,1.4417,1.318,1.1394
2019-10-16,2.053,1.4354,1.314,1.1348
2019-10-17,2.051,1.4327,1.315,1.1307
2019-10-18,2.038,1.4143,1.297,1.1134
2019-10-21,2.031,1.4115,1.3,1.107
2019-10-22,2.039,1.4263,1.305,1.119
2019-10-23,2.031,1.4159,1.297,1.109
2019-10-24,2.028,1.4135,1.297,1.1051
2019-10-25,2.036,1.4235,1.306,1.1131
2019-10-28,2.047,1.447,1.315,1.1253
2019-10-29,2.054,1.4266,1.31,1.1103
2019-10-30,2.047,1.4103,1.304,1.1031
2019-10-31,2.04,1.4021,1.302,1.0939
2019-11-01,2.054,1.414,1.323,1.103
2019-11-04,2.064,1.4205,1.331,1.1143
2019-11-05,2.083,1.4306,1.339,1.119
2019-11-06,2.076,1.4169,1.334,1.1132
2019-11-07,2.079,1.4256,1.336,1.1183
2019-11-08,2.078,1.4207,1.33,1.1137
2019-11-11,2.059,1.3906,1.307,1.0895
2019-11-12,2.053,1.3913,1.308,1.0918
2019-11-13,2.055,1.3895,1.306,1.0896
2019-11-14,2.061,1.3992,1.308,1.0952
2019-11-15,2.052,1.3879,1.299,1.0821
2019-11-18,2.063,1.3948,1.309,1.0936
2019-11-19,2.074,1.4171,1.322,1.1122
2019-11-20,2.065,1.4094,1.309,1.1028
2019-11-21,2.058,1.409,1.303,1.0986
2019-11-22,2.045,1.3976,1.291,1.0871
2019-11-25,2.042,1.3969,1.3,1.0874
2019-11-26,2.045,1.3919,1.304,1.0892
2019-11-27,2.04,1.3975,1.299,1.0888
2019-11-28,2.038,1.3936,1.295,1.0847
2019-11-29,2.033,1.3952,1.284,1.0849
2019-12-02,2.034,1.398,1.286,1.0895
2019-12-03,2.037,1.4037,1.29,1.0964
2019-12-04,2.034,1.4022,1.289,1.0945
2019-12-05,2.049,1.4152,1.299,1.1049
2019-12-06,2.06,1.4266,1.306,1.1113
2019-12-09,2.06,1.43084209,1.304,1.1181
2019-12-10,2.067,1.43788643,1.305,1.1188
2019-12-11,2.068,1.43199863,1.306,1.119
2019-12-12,2.068,1.42800333,1.303,1.1159
2019-12-13,2.098,1.4447205,1.328,1.1294
2019-12-16,2.123,1.46911284,1.334,1.1456
2019-12-17,2.14,1.48866876,1.351,1.1575
2019-12-18,2.141,1.48824821,1.348,1.1554
2019-12-19,2.127,1.49014072,1.346,1.1576
2019-12-20,2.115,1.47552634,1.343,1.1504
2019-12-23,2.106,1.44776954,1.327,1.1314
2019-12-24,2.121,1.46816658,1.336,1.1453
2019-12-25,2.122,1.47342355,1.335,1.1502
2019-12-26,2.132,1.48309638,1.346,1.1571
2019-12-27,2.125,1.47289785,1.345,1.1482
2019-12-30,2.142,1.48972016,1.364,1.1637
2019-12-31,2.153,1.49655422,1.368,1.1695
2020-01-02,2.181,1.52304935,1.386,1.1956
2020-01-03,2.181,1.52693951,1.384,1.1976
2020-01-06,2.188,1.54071277,1.379,1.2039
2020-01-07,2.201,1.55795563,1.389,1.2216
2020-01-08,2.189,1.537874,1.373,1.2123
2020-01-09,2.204,1.55700937,1.39,1.2279
2020-01-10,2.197,1.55290894,1.39,1.2319
2020-01-13,2.207,1.57372654,1.402,1.2496
2020-01-14,2.212,1.5696261,1.398,1.2459
2020-01-15,2.202,1.56626164,1.391,1.2461
2020-01-16,2.204,1.56563081,1.385,1.2412
2020-01-17,2.209,1.56100467,1.387,1.2416
2020-01-20,2.243,1.58161199,1.397,1.2547
2020-01-21,2.228,1.56447427,1.374,1.2411
2020-01-22,2.246,1.57835267,1.38,1.2487
2020-01-23,2.199,1.52346991,1.339,1.2074
2020-02-03,2.083,1.39719749,1.239,1.1116
2020-02-04,2.126,1.42106413,1.27,1.1318
2020-02-05,2.141,1.45050316,1.284,1.1538
2020-02-06,2.173,1.4927692,1.307,1.1803
2020-02-07,2.174,1.50464995,1.307,1.1862
2020-02-10,2.182,1.52073628,1.312,1.1991
2020-02-11,2.193,1.51390222,1.323,1.196
2020-02-12,2.245,1.54029221,1.334,1.2091
2020-02-13,2.24,1.52820118,1.326,1.1999
2020-02-14,2.232,1.53030397,1.335,1.1985
2020-02-17,2.283,1.57719614,1.363,1.2335
2020-02-18,2.317,1.59475442,1.357,1.2453
2020-02-19,2.299,1.57898351,1.355,1.242
2020-02-20,2.345,1.60642489,1.384,1.2626
2020-02-21,2.366,1.62724249,1.386,1.2754
2020-02-24,2.395,1.64879607,1.381,1.2907
2020-02-25,2.394,1.65657639,1.378,1.2947
2020-02-26,2.331,1.61599258,1.362,1.2712
2020-02-27,2.331,1.6192519,1.366,1.2837
2020-02-28,2.259,1.53629691,1.32,1.2297
2020-03-02,2.285,1.5909694,1.361,1.2783
2020-03-03,2.294,1.60453238,1.368,1.2878
2020-03-04,2.287,1.60610947,1.375,1.2905
2020-03-05,2.313,1.629135,1.404,1.3004
2020-03-06,2.302,1.61914676,1.383,1.2848
2020-03-09,2.245,1.55564256,1.338,1.2286
2020-03-10,2.273,1.5954904,1.365,1.261
2020-03-11,2.265,1.57278028,1.348,1.2397
2020-03-12,2.239,1.54702113,1.323,1.214
2020-03-13,2.228,1.53734831,1.305,1.2038
2020-03-16,2.169,1.46890256,1.251,1.1558
2020-03-17,2.157,1.47163618,1.246,1.1625
2020-03-18,2.153,1.4471387,1.222,1.1446
2020-03-19,2.149,1.45723208,1.207,1.1521
2020-03-20,2.188,1.47394925,1.228,1.1697
2020-03-23,2.134,1.4153866,1.189,1.1294
2020-03-24,2.155,1.44104062,1.218,1.1486
2020-03-25,2.202,1.47352869,1.249,1.1732
2020-03-26,2.203,1.45975543,1.241,1.1623
2020-03-27,2.197,1.45229053,1.245,1.1636
2020-03-30,2.181,1.4228515,1.234,1.1478
2020-03-31,2.182,1.4263211,1.237,1.1512
2020-04-01,2.176,1.42053843,1.2338,1.1501
2020-04-02,2.19,1.45470874,1.2528,1.1744
2020-04-03,2.195,1.4441948,1.2459,1.1698
2020-04-07,2.229,1.48709167,1.2729,1.2047
2020-04-08,2.23,1.48824821,1.2673,1.2066
2020-04-09,2.242,1.50191633,1.2712,1.2138
2020-04-10,2.213,1.47153104,1.2637,1.1924
2020-04-13,2.195,1.4610171,1.2587,1.1872
2020-04-14,2.209,1.49287434,1.2816,1.2058
2020-04-15,2.205,1.48772251,1.2726,1.2037
2020-04-16,2.216,1.5007598,1.2743,1.2111
2020-04-17,2.231,1.50118035,1.286,1.2202
2020-04-20,2.239,1.51779238,1.2905,1.2342
2020-04-21,2.227,1.50738358,1.2761,1.2255
2020-04-22,2.247,1.51915919,1.2861,1.2323
2020-04-23,2.246,1.51148401,1.283,1.2277
2020-04-24,2.234,1.4892996,1.2727,1.2099
2020-04-27,2.239,1.48730195,1.281,1.2105
2020-04-28,2.243,1.47720857,1.2893,1.2119
2020-04-29,2.237,1.47731371,1.2951,1.2131
2020-04-30,2.253,1.51158915,1.3097,1.2355
2020-05-06,2.274,1.53745345,1.3171,1.2545
2020-05-07,2.272,1.53598149,1.3136,1.2581
2020-05-08,2.281,1.55269866,1.3273,1.2701
2020-05-11,2.269,1.54964962,1.3262,1.2703
2020-05-12,2.267,1.55396033,1.3263,1.2717
2020-05-13,2.275,1.56079439,1.3289,1.2783
2020-05-14,2.254,1.54796739,1.3151,1.261
2020-05-15,2.252,1.55396033,1.3114,1.2622
2020-05-18,2.242,1.54691599,1.3146,1.258
2020-05-19,2.244,1.56521025,1.3252,1.2685
2020-05-20,2.217,1.55007017,1.3188,1.2479
2020-05-21,2.209,1.53356329,1.3119,1.235
2020-05-22,2.183,1.507699,1.2836,1.2127
2020-05-25,2.179,1.50433454,1.2853,1.2148
2020-05-26,2.212,1.53230162,1.2992,1.2346
2020-05-27,2.201,1.51884377,1.2906,1.2199
2020-05-28,2.201,1.51716154,1.2944,1.2204
2020-05-29,2.223,1.52988341,1.2986,1.2303
2020-06-01,2.255,1.57425224,1.3319,1.2623
2020-06-02,2.25,1.57372654,1.3365,1.2578
2020-06-03,2.244,1.57540877,1.3368,1.258
2020-06-04,2.243,1.5765653,1.3365,1.2539
2020-06-05,2.235,1.57929893,1.3427,1.258
2020-06-08,2.23,1.57677558,1.3495,1.2549
2020-06-09,2.24,1.58644841,1.3577,1.2644
2020-06-10,2.246,1.58834092,1.3565,1.2673
2020-06-11,2.231,1.58255825,1.3439,1.2657
2020-06-12,2.238,1.58634327,1.3454,1.2718
2020-06-15,2.238,1.58518673,1.33,1.2718
2020-06-16,2.258,1.61367951,1.3491,1.3022
2020-06-17,2.26,1.62398317,1.3503,1.3099
2020-06-18,2.263,1.62419345,1.3594,1.3088
2020-06-19,2.286,1.64027978,1.3774,1.322
2020-06-22,2.28,1.64049006,1.3789,1.3251
2020-06-23,2.292,1.64606245,1.3854,1.3295
2020-06-24,2.289,1.64311854,1.393,1.3384
2020-06-29,2.278,1.63638962,1.3836,1.3357
2020-06-30,2.321,1.66404128,1.4023,1.3584
2020-07-01,2.331,1.66856228,1.429,1.3652
2020-07-02,2.374,1.69442657,1.4573,1.3833
2020-07-03,2.403,1.71534931,1.484,1.3994
2020-07-06,2.48,1.78274367,1.5635,1.4444
2020-07-07,2.508,1.80503322,1.5728,1.4672
2020-07-08,2.551,1.84645814,1.5972,1.4925
2020-07-09,2.602,1.88809335,1.6186,1.5309
2020-07-10,2.58,1.88388777,1.5926,1.5202
2020-07-13,2.629,1.9445532,1.6253,1.5617
2020-07-14,2.611,1.91942489,1.6111,1.5469
2020-07-15,2.584,1.8751612,1.5933,1.5166
2020-07-16,2.461,1.80387669,1.521,1.4634
2020-07-17,2.469,1.81018505,1.531,1.4792
2020-07-20,2.515,1.8583389,1.5741,1.52
2020-07-21,2.54,1.86811686,1.5775,1.5284
2020-07-22,2.573,1.88420319,1.5855,1.5411
2020-07-23,2.598,1.88441347,1.5859,1.5417
2020-07-24,2.5,1.79367816,1.5197,1.4624
2020-07-27,2.503,1.79714776,1.527,1.4683
2020-07-28,2.543,1.81323409,1.5396,1.4846
2020-07-29,2.62,1.86002113,1.5753,1.5261
2020-07-30,2.622,1.85497443,1.5681,1.5152
2020-07-31,2.665,1.87358411,1.5806,1.5296
2020-08-03,2.712,1.91700668,1.6049,1.5669
2020-08-04,2.697,1.90565163,1.6061,1.5542
2020-08-05,2.74,1.92531269,1.6061,1.5688
2020-08-06,2.73,1.92457672,1.6014,1.5632
2020-08-07,2.711,1.90281286,1.5843,1.5419
2020-08-10,2.701,1.9133268,1.5898,1.5562
2020-08-11,2.666,1.87999761,1.576,1.5235
2020-08-12,2.617,1.85960057,1.5653,1.5014
2020-08-13,2.614,1.86727574,1.5615,1.5028
2020-08-14,2.638,1.88599056,1.5844,1.5216
2020-08-17,2.668,1.91879405,1.6197,1.5519
2020-08-18,2.693,1.93141078,1.6189,1.5642
2020-08-19,2.663,1.89860729,1.5959,1.5447
2020-08-20,2.623,1.87894622,1.5765,1.5366
2020-08-21,2.643,1.89187836,1.5895,1.5523
2020-08-24,2.666,1.90512593,1.6017,1.5663
2020-08-25,2.68,1.89534796,1.6037,1.563
2020-08-26,2.636,1.86149308,1.5858,1.5369
2020-08-27,2.656,1.87558176,1.5939,1.5551
2020-08-28,2.704,1.90575676,1.6301,1.5887
2020-08-31,2.713,1.89965868,1.6211,1.5831
2020-09-01,2.728,1.91059318,1.6294,1.5921
2020-09-02,2.749,1.91248569,1.63,1.5897
2020-09-03,2.738,1.89724047,1.6214,1.5758
2020-09-04,2.713,1.88535972,1.6064,1.5643
2020-09-07,2.648,1.84771982,1.5741,1.5272
2020-09-08,2.618,1.86002113,1.5821,1.5329
2020-09-09,2.553,1.81281353,1.5469,1.4885
2020-09-10,2.549,1.78263853,1.5461,1.4649
2020-09-11,2.598,1.80208932,1.5605,1.4858
2020-09-14,2.62,1.81207756,1.5681,1.4988
2020-09-15,2.623,1.82175038,1.58,1.5058
2020-09-16,2.612,1.81302381,1.5709,1.5005
2020-09-17,2.597,1.81775509,1.5633,1.5004
2020-09-18,2.618,1.84498619,1.5967,1.5252
2020-09-21,2.603,1.83878297,1.5821,1.5215
2020-09-22,2.593,1.8156523,1.5644,1.511
2020-09-23,2.609,1.82490457,1.5697,1.5227
2020-09-24,2.568,1.78526701,1.5412,1.4853
2020-09-25,2.559,1.78305908,1.5434,1.4851
2020-09-28,2.564,1.76844471,1.5473,1.4756
2020-09-29,2.59,1.78211283,1.5506,1.4889
2020-09-30,2.608,1.77170403,1.5491,1.4896
2020-10-09,2.672,1.81638827,1.5791,1.5272
2020-10-12,2.717,1.86548837,1.6243,1.5746
2020-10-13,2.735,1.86801172,1.6295,1.582
2020-10-14,2.718,1.85644639,1.6192,1.5813
2020-10-15,2.708,1.84372452,1.6169,1.5712
2020-10-16,2.701,1.83520823,1.6146,1.5703
2020-10-19,2.666,1.81607286,1.603,1.5515
2020-10-20,2.693,1.83363114,1.6152,1.5613
2020-10-21,2.688,1.81397007,1.6149,1.5442
2020-10-22,2.688,1.80503322,1.6106,1.5318
2020-10-23,2.644,1.77727642,1.5918,1.505
2020-10-26,2.646,1.77759184,1.5831,1.5085
2020-10-27,2.673,1.77958948,1.5857,1.5135
2020-10-28,2.69,1.78621327,1.5975,1.5155
2020-10-29,2.709,1.78915717,1.6088,1.5234
2020-10-30,2.682,1.75015045,1.5827,1.4861
2020-11-02,2.695,1.75866674,1.5908,1.4907
2020-11-03,2.707,1.78526701,1.6089,1.511
2020-11-04,2.705,1.78316422,1.6203,1.5055
2020-11-05,2.731,1.8151266,1.6433,1.537
2020-11-06,2.706,1.80114306,1.6435,1.5233
2020-11-09,2.727,1.83373628,1.674,1.5519
2020-11-10,2.715,1.82038357,1.6651,1.5281
2020-11-11,2.699,1.79925055,1.6495,1.5095
2020-11-12,2.699,1.8047178,1.6509,1.5148
2020-11-13,2.671,1.80219446,1.6339,1.5076
2020-11-16,2.669,1.82385317,1.6489,1.5218
2020-11-17,2.634,1.81029019,1.6458,1.5123
2020-11-18,2.611,1.811657,1.6448,1.5107
2020-11-19,2.622,1.81701911,1.6564,1.5141
2020-11-20,2.634,1.83373628,1.6613,1.5258
2020-11-23,2.649,1.84729926,1.6808,1.5358
2020-11-24,2.644,1.84793009,1.6711,1.5342
2020-11-25,2.617,1.81428549,1.6509,1.5058
2020-11-26,2.606,1.80976449,1.6537,1.4985
2020-11-27,2.618,1.81439063,1.6735,1.5009
2020-11-30,2.616,1.80629489,1.6671,1.4909
2020-12-01,2.64,1.83405169,1.7011,1.5145
2020-12-02,2.635,1.8364699,1.7012,1.5226
2020-12-03,2.632,1.83804699,1.698,1.5207
2020-12-04,2.651,1.84456563,1.7007,1.5238
2020-12-07,2.662,1.83363114,1.6869,1.515
2020-12-08,2.661,1.83331572,1.6829,1.5151
2020-12-09,2.645,1.80198418,1.6615,1.492
2020-12-10,2.646,1.80503322,1.6611,1.4959
2020-12-11,2.628,1.77391196,1.6446,1.4728
2020-12-14,2.642,1.78715952,1.6584,1.4826
2020-12-15,2.631,1.78884175,1.6618,1.4918
2020-12-16,2.625,1.78106144,1.6647,1.4839
2020-12-17,2.64,1.80082764,1.685,1.49757905
2020-12-18,2.652,1.79620151,1.6794,1.4904615
2020-12-21,2.686,1.82469429,1.6944,1.51059084
2020-12-22,2.676,1.78474132,1.6683,1.48178697
2020-12-23,2.705,1.80009167,1.6818,1.48857089
2020-12-24,2.672,1.77254514,1.6795,1.46655094
2020-12-25,2.702,1.79199593,1.6928,1.47956273
2020-12-28,2.719,1.78274367,1.7,1.47166669
2020-12-29,2.683,1.77065264,1.6932,1.46977609
2020-12-30,2.716,1.78989315,1.716,1.48011879
2020-12-31,2.749,1.81628314,1.7473,1.506476
2021-01-04,2.801,1.84750954,1.7652,1.53060898
2021-01-05,2.843,1.86254447,1.7972,1.53772654
2021-01-06,2.844,1.85928515,1.8128,1.53728169
2021-01-07,2.871,1.86212391,1.8433,1.52471475
2021-01-08,2.84,1.86748602,1.8376,1.52226809
2021-01-11,2.807,1.8399395,1.8202,1.50503025
2021-01-12,2.848,1.86307017,1.8696,1.53316685
2021-01-13,2.825,1.85045344,1.8637,1.5336117
2021-01-14,2.788,1.83541851,1.8295,1.53094262
2021-01-15,2.793,1.82963584,1.8256,1.53116504
2021-01-18,2.807,1.85613097,1.8448,1.56030255
2021-01-19,2.787,1.84561703,1.8192,1.54851409
2021-01-20,2.813,1.86212391,1.8317,1.56875465
2021-01-21,2.862,1.8860957,1.8598,1.58621492
2021-01-22,2.903,1.89040641,1.8613,1.59233157
2021-01-25,2.924,1.89240406,1.8788,1.58399068
2021-01-26,2.887,1.86201877,1.8429,1.55818952
2021-01-27,2.894,1.86832714,1.8475,1.5664192
2021-01-28,2.815,1.8300564,1.7998,1.53227716
2021-01-29,2.771,1.81176214,1.7916,1.51748598
2021-02-01,2.773,1.82490457,1.8126,1.53650321
2021-02-02,2.805,1.84141145,1.8391,1.55362984
2021-02-03,2.784,1.82616624,1.8341,1.54562258
2021-02-04,2.746,1.80703087,1.8303,1.52271294
2021-02-05,2.749,1.78326936,1.8333,1.50191632
2021-02-08,2.779,1.80587433,1.8589,1.51826446
2021-02-09,2.842,1.84225257,1.8975,1.55274014
2021-02-10,2.893,1.86033654,1.936,1.56564072
2021-02-18,2.849,1.88483402,1.9234,1.58532522
2021-02-19,2.85,1.90891095,1.9267,1.60656669
2021-02-22,2.79,1.89671478,1.8694,1.59433338
2021-02-23,2.777,1.88988072,1.8637,1.58921764
2021-02-24,2.715,1.86412156,1.8186,1.56742011
2021-02-25,2.714,1.85423846,1.8289,1.5719798
2021-02-26,2.684,1.8180705,1.7868,1.54584501
2021-03-01,2.717,1.85118942,1.8124,1.58243371
2021-03-02,2.709,1.83615448,1.7903,1.57431525
2021-03-03,2.734,1.8612828,1.8229,1.59566793
2021-03-04,2.69,1.82837417,1.7685,1.56575193
2021-03-05,2.686,1.82911014,1.763,1.56052497
2021-03-08,2.627,1.78978801,1.7049,1.53127625
2021-03-09,2.602,1.75004531,1.6701,1.49946966
2021-03-10,2.616,1.73721831,1.6804,1.49457633
2021-03-11,2.65,1.77832781,1.7199,1.53038656
2021-03-12,2.651,1.78064088,1.7256,1.53572473
2021-03-15,2.61,1.76749845,1.6902,1.52449233
2021-03-16,2.624,1.77338626,1.7042,1.52549323
2021-03-17,2.636,1.78169227,1.7111,1.53561351
2021-03-18,2.65,1.7948347,1.724,1.55196166
2021-03-19,2.625,1.77675072,1.6813,1.5382826
2021-03-22,2.65,1.80387669,1.6973,1.56564072
2021-03-23,2.635,1.78053574,1.6821,1.54784682
2021-03-24,2.605,1.7601387,1.6567,1.52304657
2021-03-25,2.604,1.76486997,1.6561,1.52404748
2021-03-26,2.637,1.79041884,1.6916,1.54851409
2021-03-29,2.641,1.7913651,1.6944,1.55540923
2021-03-30,2.655,1.7983043,1.7096,1.56341648
2021-03-31,2.651,1.79125996,1.6948,1.56308285
2021-04-01,2.671,1.80703087,1.7148,1.57798524
2021-04-02,2.676,1.8111313,1.7309,1.57754039
2021-04-06,2.673,1.81575744,1.724,1.58132159
2021-04-07,2.666,1.81701911,1.7124,1.58743825
2021-04-08,2.668,1.81975274,1.7151,1.5869934
2021-04-09,2.654,1.81407521,1.6907,1.58966248
2021-04-12,2.626,1.78484645,1.6629,1.56130346
2021-04-13,2.619,1.78064088,1.6604,1.55407469
2021-04-14,2.621,1.79893513,1.6734,1.57008919
2021-04-15,2.612,1.79904027,1.6634,1.57253586
2021-04-16,2.621,1.81638827,1.669,1.5842131
2021-04-19,2.655,1.83972922,1.7075,1.60211821
2021-04-20,2.661,1.84078062,1.7063,1.60056125
2021-04-21,2.669,1.83867783,1.7112,1.5982258
2021-04-22,2.667,1.84540675,1.7094,1.6066779
2021-04-23,2.675,1.85024316,1.7245,1.60801244
2021-04-26,2.661,1.84540675,1.7061,1.60567699
2021-04-27,2.656,1.84677356,1.7104,1.60467609
2021-04-28,2.655,1.85875945,1.7195,1.61524121
2021-04-29,2.669,1.85949543,1.7341,1.61757666
2021-04-30,2.664,1.8583389,1.7212,1.6132394
2021-05-06,2.646,1.85949543,1.7012,1.61868878
2021-05-07,2.619,1.84750954,1.6804,1.60990304
2021-05-10,2.619,1.85613097,1.6792,1.61635333
2021-05-11,2.631,1.85108428,1.6889,1.60901335
2021-05-12,2.64,1.86675005,1.6959,1.62235877
2021-05-13,2.636,1.84729926,1.6795,1.60267427
2021-05-14,2.665,1.87095562,1.7174,1.62246999
2021-05-17,2.685,1.88430833,1.7412,1.63047724
2021-05-18,2.682,1.89030127,1.742,1.63514814
2021-05-19,2.693,1.88672653,1.7375,1.62691846
2021-05-20,2.695,1.87799996,1.7422,1.61813272
2021-05-21,2.688,1.87284813,1.7258,1.61746545
2021-05-24,2.688,1.87747427,1.7326,1.62213635
2021-05-25,2.727,1.89829187,1.7847,1.64204328
2021-05-26,2.741,1.90092035,1.7853,1.64582448
2021-05-27,2.749,1.91669126,1.7909,1.65928112
2021-05-28,2.75,1.9128011,1.7857,1.65583355
2021-05-31,2.777,1.92951827,1.7893,1.67017988
2021-06-01,2.775,1.93288273,1.7924,1.68007774
2021-06-02,2.756,1.91774266,1.7766,1.66339595
2021-06-03,2.746,1.91448333,1.7659,1.65972596
2021-06-04,2.755,1.92184309,1.7753,1.66417444
2021-06-07,2.75,1.92962341,1.7741,1.67807592
2021-06-08,2.731,1.92047628,1.7597,1.66962382
2021-06-09,2.73,1.9232099,1.7617,1.67852077
2021-06-10,2.754,1.94297611,1.7736,1.69342316
2021-06-11,2.74,1.92951827,1.7598,1.68274682
2021-06-15,2.723,1.91269596,1.7407,1.66984624
2021-06-16,2.676,1.88641111,1.7136,1.64170964
2021-06-17,2.687,1.90102549,1.7215,1.65694567
2021-06-18,2.713,1.91416792,1.7225,1.66728837
2021-06-21,2.751,1.92794118,1.7187,1.6797441
2021-06-22,2.783,1.93750886,1.729,1.68830741
2021-06-23,2.789,1.95212324,1.7376,1.70632374
2021-06-24,2.783,1.94297611,1.7406,1.69631467
2021-06-25,2.802,1.96021897,1.7688,1.71733371
2021-06-28,2.816,1.96463483,1.7724,1.72556339
2021-06-29,2.802,1.94791766,1.7539,1.71633281
2021-06-30,2.815,1.96011383,1.7655,1.72945581
2021-07-01,2.807,1.93551121,1.7672,1.710661
2021-07-02,2.777,1.91963517,1.7194,1.69409043
2021-07-05,2.797,1.9346701,1.7208,1.70721343
2021-07-06,2.786,1.93445982,1.7212,1.7040995
2021-07-07,2.85,1.95086157,1.7402,1.72889975
2021-07-08,2.856,1.94781252,1.7241,1.72511854
2021-07-09,2.89,1.96379371,1.7195,1.74257881
2021-07-12,2.963,1.99091968,1.7402,1.77027056
2021-07-13,2.976,2.00700601,1.7453,1.78139175
2021-07-14,2.938,1.99060426,1.7264,1.76793511
2021-07-15,2.947,1.99975139,1.7487,1.776276
2021-07-16,2.934,1.99901541,1.7317,1.77583116
2021-07-19,2.89,1.98955287,1.7377,1.77049299
2021-07-20,2.9,1.99312761,1.7363,1.76826875
2021-07-21,2.973,2.01594286,1.7484,1.78817567
2021-07-22,2.991,2.028875,1.7511,1.80519109
2021-07-23,2.97,2.01888676,1.7311,1.79273536
2021-07-26,2.943,1.98660896,1.6779,1.77027056
2021-07-27,2.855,1.94655085,1.622,1.7265643
2021-07-28,2.847,1.91984544,1.6249,1.70354344
2021-07-29,2.957,1.95748535,1.6543,1.74269002
2021-07-30,2.953,1.96000869,1.6422,1.75425605
2021-08-02,2.981,1.98881689,1.682,1.78128054
2021-08-03,2.927,1.97357168,1.6822,1.76637815
2021-08-04,2.99,2.00542892,1.6966,1.80040898
2021-08-05,3.004,2.00069764,1.6869,1.79206809
2021-08-06,3.028,2.0075317,1.6785,1.80107625
2021-08-09,2.991,2.01878162,1.6992,1.81820288
2021-08-10,3.001,2.02950584,1.7178,1.8249868
2021-08-11,3.012,2.04485619,1.709,1.83833223
2021-08-12,3.022,2.05105942,1.6954,1.85367947
2021-08-13,3.003,2.04948232,1.6868,1.84911978
2021-08-16,2.958,2.03991464,1.6858,1.84355919
2021-08-17,2.894,1.99701776,1.6523,1.80730412
2021-08-18,2.899,2.00963449,1.671,1.82242893
2021-08-19,2.932,2.01142186,1.6606,1.82153924
2021-08-20,2.929,2.0040621,1.6313,1.81964863
2021-08-23,2.98,2.03297544,1.6541,1.84900857
2021-08-24,3.022,2.05147997,1.6712,1.87069488
2021-08-25,3.032,2.06830228,1.675,1.88459637
2021-08-26,3.029,2.05947057,1.6436,1.87447609
2021-08-27,3.053,2.07618773,1.6519,1.88259455
2021-08-30,3.086,2.08869932,1.6473,1.89138029
2021-08-31,3.065,2.0964,1.6449,1.9019
2021-09-01,3.026,2.07913164,1.6659,1.88092637
2021-09-02,3.093,2.11035804,1.666,1.90428087
2021-09-03,3.025,2.10268286,1.6575,1.88704303
2021-09-06,3.044,2.1236056,1.6869,1.90806207
2021-09-07,3.114,2.16397913,1.7063,1.95098985
2021-09-08,3.092,2.17649072,1.6996,1.95755135
2021-09-09,3.082,2.19657234,1.6987,1.97890403
2021-09-10,3.112,2.19446956,1.713,1.97901524
